run_id,duration_ms,success
1,3.48,1
2,3.40,1
3,3.25,1
4,3.43,1
5,3.96,1
6,3.06,1
7,2.80,1
8,2.65,1
9,2.74,1
10,2.77,1
11,2.68,1
12,2.98,1
13,2.84,1
14,2.80,1
15,2.61,1
16,3.30,1
17,2.81,1
18,2.60,1
19,2.85,1
20,3.34,1
21,2.88,1
22,2.84,1
23,3.13,1
24,3.05,1
25,2.95,1
26,3.31,1
27,2.64,1
28,2.69,1
29,2.63,1
30,2.67,1
31,2.61,1
32,2.62,1
33,3.32,1
34,2.78,1
35,3.15,1
36,2.76,1
37,2.63,1
38,2.65,1
39,2.77,1
40,3.28,1
41,2.64,1
42,2.82,1
43,3.25,1
44,2.69,1
45,2.95,1
46,3.19,1
47,3.09,1
48,3.32,1
49,2.81,1
50,2.77,1
51,2.91,1
52,2.76,1
53,3.22,1
54,2.66,1
55,3.15,1
56,2.71,1
57,2.77,1
58,2.90,1
59,2.59,1
60,3.31,1
61,2.73,1
62,2.99,1
63,2.72,1
64,3.55,1
65,3.03,1
66,2.70,1
67,3.33,1
68,2.74,1
69,2.65,1
70,3.05,1
71,3.06,1
72,3.17,1
73,3.21,1
74,3.08,1
75,2.76,1
76,2.72,1
77,3.05,1
78,2.93,1
79,3.11,1
80,2.53,1
81,2.80,1
82,3.35,1
83,2.81,1
84,3.29,1
85,3.09,1
86,2.80,1
87,2.95,1
88,2.62,1
89,2.92,1
90,2.84,1
91,2.82,1
92,2.74,1
93,2.72,1
94,2.94,1
95,3.24,1
96,2.88,1
97,3.29,1
98,2.99,1
99,3.02,1
100,2.74,1
101,2.67,1
102,3.19,1
103,3.37,1
104,2.60,1
105,2.94,1
106,2.78,1
107,3.14,1
108,2.66,1
109,2.75,1
110,2.76,1
111,2.67,1
112,2.93,1
113,2.67,1
114,2.72,1
115,2.91,1
116,2.67,1
117,3.19,1
118,2.79,1
119,3.16,1
120,3.15,1
121,2.88,1
122,2.83,1
123,2.91,1
124,2.68,1
125,2.61,1
126,3.04,1
127,2.69,1
128,2.91,1
129,2.53,1
130,2.64,1
131,2.77,1
132,2.87,1
133,2.62,1
134,2.48,1
135,2.72,1
136,2.75,1
137,2.86,1
138,2.99,1
139,3.87,1
140,2.91,1
141,3.15,1
142,2.78,1
143,2.51,1
144,2.75,1
145,2.83,1
146,2.62,1
147,2.55,1
148,2.71,1
149,3.43,1
150,2.64,1
151,3.07,1
152,2.79,1
153,3.38,1
154,2.60,1
155,2.68,1
156,2.82,1
157,2.73,1
158,2.80,1
159,3.23,1
160,2.88,1
161,2.69,1
162,2.83,1
163,2.76,1
164,2.83,1
165,2.67,1
166,3.08,1
167,2.75,1
168,3.64,1
169,2.91,1
170,2.91,1
171,2.83,1
172,3.36,1
173,2.98,1
174,2.67,1
175,3.04,1
176,2.80,1
177,2.98,1
178,2.71,1
179,2.60,1
180,2.49,1
181,2.65,1
182,2.72,1
183,3.04,1
184,2.66,1
185,2.71,1
186,2.54,1
187,2.93,1
188,2.57,1
189,2.50,1
190,3.08,1
191,2.98,1
192,3.03,1
193,2.65,1
194,3.10,1
195,2.60,1
196,3.24,1
197,2.87,1
198,2.71,1
199,3.18,1
200,3.08,1
201,2.81,1
202,3.14,1
203,2.71,1
204,2.76,1
205,2.70,1
206,2.67,1
207,3.26,1
208,2.78,1
209,2.72,1
210,2.92,1
211,2.87,1
212,2.89,1
213,3.17,1
214,3.31,1
215,2.62,1
216,3.05,1
217,3.00,1
218,2.76,1
219,2.90,1
220,2.92,1
221,3.04,1
222,2.88,1
223,2.70,1
224,2.76,1
225,2.85,1
226,2.87,1
227,3.33,1
228,2.96,1
229,2.69,1
230,3.29,1
231,2.76,1
232,3.03,1
233,3.11,1
234,3.28,1
235,3.15,1
236,2.84,1
237,2.83,1
238,2.91,1
239,2.84,1
240,3.07,1
241,2.83,1
242,3.07,1
243,2.55,1
244,2.98,1
245,2.43,1
246,3.02,1
247,2.60,1
248,3.06,1
249,3.56,1
250,3.43,1
251,2.69,1
252,2.57,1
253,3.25,1
254,2.67,1
255,3.06,1
256,3.29,1
257,2.64,1
258,2.50,1
259,3.17,1
260,3.18,1
261,2.83,1
262,2.61,1
263,2.62,1
264,2.59,1
265,3.06,1
266,2.51,1
267,2.59,1
268,3.02,1
269,2.77,1
270,2.64,1
271,2.73,1
272,3.37,1
273,2.73,1
274,2.76,1
275,2.38,1
276,3.07,1
277,3.06,1
278,2.60,1
279,2.45,1
280,3.26,1
281,2.88,1
282,2.41,1
283,3.21,1
284,2.74,1
285,3.35,1
286,3.06,1
287,2.60,1
288,2.82,1
289,3.20,1
290,3.00,1
291,2.84,1
292,3.11,1
293,3.33,1
294,2.48,1
295,3.15,1
296,3.12,1
297,3.73,1
298,2.82,1
299,2.68,1
300,3.10,1
301,2.77,1
302,2.70,1
303,2.58,1
304,2.70,1
305,2.58,1
306,3.26,1
307,3.03,1
308,3.22,1
309,3.59,1
310,2.72,1
311,2.60,1
312,3.16,1
313,2.93,1
314,3.27,1
315,2.67,1
316,3.10,1
317,2.60,1
318,3.36,1
319,2.90,1
320,3.24,1
321,3.17,1
322,2.74,1
323,3.19,1
324,2.87,1
325,3.12,1
326,2.63,1
327,3.53,1
328,3.08,1
329,3.43,1
330,2.89,1
331,2.48,1
332,3.07,1
333,2.49,1
334,2.90,1
335,2.71,1
336,3.10,1
337,3.62,1
338,2.60,1
339,3.06,1
340,2.75,1
341,3.12,1
342,2.70,1
343,3.19,1
344,2.94,1
345,3.14,1
346,3.33,1
347,2.71,1
348,2.66,1
349,2.87,1
350,2.59,1
351,2.70,1
352,2.57,1
353,2.71,1
354,2.61,1
355,2.73,1
356,2.63,1
357,3.01,1
358,2.57,1
359,3.25,1
360,2.76,1
361,2.73,1
362,3.09,1
363,2.76,1
364,2.91,1
365,2.75,1
366,2.81,1
367,2.63,1
368,2.71,1
369,2.80,1
370,3.43,1
371,2.81,1
372,2.77,1
373,3.23,1
374,2.97,1
375,2.86,1
376,2.63,1
377,2.85,1
378,2.71,1
379,3.09,1
380,2.71,1
381,2.98,1
382,3.10,1
383,2.94,1
384,2.87,1
385,3.01,1
386,2.73,1
387,2.72,1
388,2.91,1
389,2.57,1
390,2.65,1
391,2.99,1
392,2.59,1
393,2.64,1
394,2.81,1
395,2.79,1
396,2.93,1
397,2.81,1
398,3.13,1
399,3.12,1
400,2.67,1
401,2.75,1
402,3.21,1
403,2.99,1
404,2.62,1
405,3.09,1
406,3.19,1
407,3.10,1
408,2.76,1
409,3.05,1
410,2.67,1
411,3.41,1
412,2.73,1
413,2.63,1
414,2.80,1
415,3.16,1
416,2.85,1
417,2.85,1
418,3.24,1
419,3.14,1
420,2.77,1
421,3.10,1
422,2.82,1
423,2.73,1
424,3.12,1
425,3.73,1
426,3.05,1
427,3.66,1
428,2.69,1
429,2.84,1
430,2.77,1
431,3.12,1
432,3.30,1
433,2.56,1
434,2.69,1
435,3.21,1
436,2.75,1
437,2.62,1
438,2.70,1
439,3.15,1
440,2.77,1
441,3.18,1
442,2.72,1
443,3.05,1
444,2.80,1
445,2.66,1
446,2.99,1
447,2.61,1
448,3.09,1
449,3.11,1
450,3.01,1
451,3.25,1
452,3.08,1
453,2.65,1
454,3.15,1
455,3.29,1
456,2.63,1
457,2.71,1
458,3.26,1
459,2.65,1
460,3.12,1
461,2.76,1
462,2.54,1
463,3.11,1
464,2.62,1
465,2.81,1
466,2.73,1
467,2.86,1
468,2.89,1
469,2.75,1
470,3.17,1
471,3.23,1
472,2.89,1
473,3.16,1
474,2.78,1
475,2.58,1
476,2.66,1
477,2.58,1
478,2.99,1
479,3.13,1
480,2.96,1
481,2.64,1
482,2.55,1
483,2.98,1
484,3.18,1
485,2.58,1
486,2.69,1
487,3.11,1
488,2.70,1
489,2.72,1
490,3.15,1
491,2.89,1
492,3.45,1
493,2.66,1
494,2.65,1
495,3.29,1
496,3.12,1
497,2.77,1
498,2.77,1
499,2.63,1
500,3.03,1
